datetime,BTC,ETH,Z_Score,Hedge_Ratio,Signal,Position,BTC_Return,ETH_Return,Spread_Return,Strategy_Return,Cum_Return
2023-12-14 02:00:00,42775.11,2251.16,-0.30505523094256015,0.046739742260721986,0,0,,,,,1.0
2023-12-14 03:00:00,42706.12,2252.16,0.6897029339718765,0.04743071161527579,0,0,-0.0016141558791197884,0.00044411679224946676,0.0005195620220081547,0.0,1.0
2023-12-14 04:00:00,42712.78,2249.44,-0.11636470969193102,0.04766766776062739,0,0,0.00015593738653839516,-0.0012084593615682721,-0.0012158555827792145,-0.0,1.0
2023-12-14 05:00:00,42806.15,2261.84,1.7320818248237944,0.04827445518717871,-1,-1,0.0021836109759612765,0.005497344978873522,0.0053932573363529406,0.0,1.0
2023-12-14 06:00:00,42880.9,2277.16,3.2544004824115107,0.048724798820858534,0,-1,0.001744721494366042,0.006750411180950707,0.006666185701356826,-0.006666185701356826,0.9933559840246882
2023-12-14 07:00:00,42903.46,2281.29,2.7978781920220372,0.04992295461043242,0,-1,0.0005259700141165639,0.001812019932232524,0.0017863921491088903,-0.0017863921491088903,0.9915830447474422
2023-12-14 08:00:00,42773.82,2274.81,2.304882756580253,0.05114016381143979,0,-1,-0.00302624217151718,-0.002844540009815276,-0.0026934610592464475,0.0026934610592464475,0.9942574351318252
2023-12-14 09:00:00,42903.44,2287.81,2.473362484737336,0.05237084631947192,0,-1,0.003025776008539765,0.005698495679633675,0.005543756998900228,-0.005543756998900228,0.988760763700002
2023-12-14 10:00:00,42946.05,2286.61,1.7895591352397644,0.05387040965954615,0,-1,0.0009926675976514657,-0.0005246566898213699,-0.0005766435320242943,0.0005766435320242943,0.9893310906209705
2023-12-14 11:00:00,43274.66,2307.68,1.7095652476145125,0.05705544110800964,0,-1,0.007622567504149567,0.009172319431549083,0.008761688597443001,-0.008761688597443001,0.9807007431044491
2023-12-14 12:00:00,43108.08,2300.98,1.6678510799579402,0.06104062470741661,0,-1,-0.0038567937643046355,-0.0029075717107072976,-0.0026875206412222755,0.0026875206412222755,0.9833399414559012
2023-12-14 13:00:00,42577.67,2278.5,2.236194387398342,0.06244373575589901,0,-1,-0.012380513094848168,-0.009817787420555443,-0.009062073167047558,0.009062073167047558,0.9922915387085346
2023-12-14 14:00:00,42653.91,2290.08,2.3956287030615706,0.06593301154875836,0,-1,0.0017890087297262086,0.005069419731969348,0.004957707343585328,-0.004957707343585328,0.9873842222309214
2023-12-14 15:00:00,42450.5,2274.96,1.9884863296730573,0.06489842648477884,0,-1,-0.004780254920763557,-0.006624281623010668,-0.006309105020113955,0.006309105020113955,0.9936334256956413
2023-12-14 16:00:00,42590.78,2280.87,1.5464166188117459,0.05984357400924495,0,-1,0.0032991066746680775,0.0025944793002267864,0.002380372468235397,-0.002380372468235397,0.9912710208627912
2023-12-14 17:00:00,43202.85,2305.14,0.8001942988854126,0.05644305914324099,0,-1,0.014268667370542316,0.010584463000292295,0.009730574948489947,-0.009730574948489947,0.9816721608515561
2023-12-14 18:00:00,42871.37,2286.63,0.7768788546425568,0.04397002878684231,0,-1,-0.007702228117403483,-0.008062294175578138,-0.0076275568584128,0.0076275568584128,0.9891885504777026
2023-12-14 19:00:00,43102.89,2291.2,0.3675492291073554,0.0440208219715289,0,-1,0.005385811047182956,0.00199657982848952,0.0017597655617043921,-0.0017597655617043921,0.9874493412815919
2023-12-14 20:00:00,42925.51,2289.36,0.68351596425571,0.04543375131120597,0,-1,-0.004123760324917584,-0.0008033952612640628,-0.0006218639421476117,0.0006218639421476117,0.9880635913918349
2023-12-14 21:00:00,42970.09,2298.26,1.0162930676131663,0.050884024393863636,0,-1,0.0010380043681570226,0.0038800123660701364,0.0038328519337473446,-0.0038328519337473446,0.9842837383807711
2023-12-14 22:00:00,43064.11,2314.44,1.5267216320214703,0.05870950333530811,0,-1,0.0021856433238893235,0.007015442738572928,0.0069042284103638584,-0.0069042284103638584,0.9775114243339825
2023-12-14 23:00:00,43031.93,2315.87,1.5375393355664024,0.06344881600203323,0,-1,-0.0007475373199173691,0.0006176692469677536,0.0006615567917447097,-0.0006615567917447097,0.9768649588725922
2023-12-15 00:00:00,42917.37,2300.01,0.9037709189661906,0.06187420864380466,0,-1,-0.0026657591822434753,-0.006871956122796841,-0.006702816858936944,0.006702816858936944,0.983434699073563
2023-12-15 01:00:00,42978.71,2298.06,0.4605396939757424,0.06179185749919003,0,-1,0.00142823771299218,-0.0008481820054522301,-0.0009365530836988586,0.0009365530836988586,0.9843561693091379
2023-12-15 02:00:00,42908.79,2288.24,-0.01916446192436183,0.058489317040964495,0,-1,-0.0016281767532237922,-0.0042823256249474514,-0.004181717559028753,0.004181717559028753,0.9884810873969216
2023-12-15 03:00:00,42759.08,2281.41,-0.005454693900643185,0.05338351991771728,0,-1,-0.0034951295603330382,-0.0029892902458572017,-0.0027848625049036358,0.0027848625049036358,0.9912377079370396
2023-12-15 04:00:00,42824.79,2282.92,-0.38464142340363844,0.04754559709476425,0,-1,0.001535570030003994,0.000661652446290303,0.000579678313008535,-0.000579678313008535,0.9906632754438269
2023-12-15 05:00:00,42619.78,2267.43,-1.199288177163662,0.0481770960410417,1,0,-0.004798675759077341,-0.006808293794445064,-0.006580137890215561,0.006580137890215561,0.9972034704934338
2023-12-15 06:00:00,42572.01,2261.84,-1.4606009765506578,0.05202875135923768,0,0,-0.0011214696863786537,-0.002468390198993985,-0.0024143610462062036,-0.0,0.9972034704934338
2023-12-15 07:00:00,42693.44,2272.54,-0.9134411388303454,0.053575778749993364,0,0,0.0028482833807582627,0.004719507346429849,0.004571314718611728,0.0,0.9972034704934338
2023-12-15 08:00:00,42879.67,2275.85,-1.6593619770492887,0.05259503323001624,1,1,0.004352542381706083,0.001455460320823635,0.0012222694731813808,0.0,0.9972034704934338
2023-12-15 09:00:00,42815.5,2275.42,-1.2229967086022762,0.053202757040297644,0,1,-0.0014976342772632031,-0.00018895824738122285,-0.00011019012280215332,-0.00011019012280215332,0.9970935945742931
2023-12-15 10:00:00,42844.08,2279.77,-0.8805843235315823,0.05382469504333581,0,1,0.0006672925797792787,0.0019099099367145837,0.0018744081317177933,0.0018744081317177933,0.9989643076081938
2023-12-15 11:00:00,42759.68,2273.12,-1.0468541434706167,0.056093663901902235,0,1,-0.00197187664064506,-0.0029212235432908443,-0.0028150878844450467,-0.0028150878844450467,0.9961560898332985
2023-12-15 12:00:00,42601.88,2263.44,-1.0034540313604532,0.058927684946715464,0,1,-0.0036972187423219343,-0.004267557220027781,-0.00406016667452416,-0.00406016667452416,0.9921197297669793
2023-12-15 13:00:00,42293.99,2250.91,-0.1539498726975681,0.06214894138689897,0,1,-0.007253388177351133,-0.005551201026437516,-0.005123775653126337,-0.005123775653126337,0.9870493317343993
2023-12-15 14:00:00,42167.51,2243.81,0.13074298167358328,0.06380807522175158,0,1,-0.002994976280140656,-0.003159265051170151,-0.002973130445880537,-0.002973130445880537,0.9841190635079827
2023-12-15 15:00:00,41898.68,2231.35,0.7542326155522444,0.06353882857575543,-1,0,-0.00639569644757637,-0.005568530375304741,-0.0051604332952822985,-0.0051604332952822985,0.97905366379579
2023-12-15 16:00:00,41844.99,2239.36,1.5902983675167446,0.05880048687638756,-1,-1,-0.0012822463442605206,0.003583327288441855,0.0036647997191017133,0.0,0.97905366379579
2023-12-15 17:00:00,41875.99,2232.4,0.39800291106521274,0.05800852369686066,0,-1,0.0007405551491814515,-0.00311287082498998,-0.003156415828320665,0.003156415828320665,0.9821488465491225
2023-12-15 18:00:00,42130.25,2244.01,0.009985883740110942,0.058012423040800454,0,-1,0.006053378330273344,0.0051872040463648815,0.004836056506047157,-0.004836056506047157,0.9774105857130803
2023-12-15 19:00:00,42088.12,2243.67,0.2792579886592895,0.058964102844679955,0,-1,-0.0010004943936649917,-0.0001515259557948246,-9.348485177958194e-05,9.348485177958194e-05,0.9775019630679461
2023-12-15 20:00:00,42281.88,2250.75,-0.25611784547361327,0.05928220589643193,0,-1,0.0045931098883627485,0.0031505759837375993,0.002879747379903262,-0.002879747379903262,0.974691053648029
2023-12-15 21:00:00,42240.49,2245.69,-0.5442879561323102,0.05911875211380935,1,0,-0.0009793857722737533,-0.00225067036854026,-0.0021926102195362913,0.0021926102195362913,0.9768305158593736
2023-12-15 22:00:00,42049.94,2231.74,-0.9378046187017356,0.05748564153869856,0,0,-0.004521280164341408,-0.006231273359232154,-0.0059639809179593715,-0.0,0.9768305158593736
2023-12-15 23:00:00,41932.39,2217.76,-2.117969243051613,0.0561424426777683,1,1,-0.0027994002254147004,-0.006283872795770822,-0.00612294747788928,-0.0,0.9768305158593736
2023-12-16 00:00:00,41897.29,2226.31,-0.5149610822027533,0.05459191072366809,0,1,-0.0008374122876571329,0.0038478289266913423,0.0038948432980487916,0.0038948432980487916,0.980642536439837
2023-12-16 01:00:00,42101.1,2242.35,0.365544997201493,0.052610850102002615,0,1,0.004852721580934972,0.007178916671898478,0.006913997328585259,0.006913997328585259,0.9874461894332892
2023-12-16 02:00:00,42150.0,2244.9,0.35539325810566263,0.05151861973273203,0,1,0.001160815834832753,0.001136553690789637,0.0010754821829072202,0.0010754821829072202,0.9885087414920903
2023-12-16 03:00:00,42357.19,2254.82,0.2705906457973364,0.05049250280728271,0,1,0.004903497918805911,0.00440917037995362,0.004156548935314416,0.004156548935314416,0.9926260774754391
2023-12-16 04:00:00,42294.85,2250.39,0.04815409030958221,0.04934568460822145,0,1,-0.0014728531354825324,-0.00196661262306368,-0.001892244581985613,-0.001892244581985613,0.9907495621313143
2023-12-16 05:00:00,42265.76,2245.87,-0.591686677305316,0.04921705013528613,0,1,-0.0006880272303512008,-0.002010560564833825,-0.0019766093901230465,-0.0019766093901230465,0.9887931713906652
2023-12-16 06:00:00,42200.0,2244.88,-0.10796756803561403,0.049450507035380446,0,1,-0.0015570809588705977,-0.0004409063145521593,-0.0003642713829347257,-0.0003642713829347257,0.9884330479300041
2023-12-16 07:00:00,42233.49,2240.04,-1.3969503314973375,0.04899170647037587,0,1,0.0007932871602556143,-0.0021583447994207887,-0.0021975732517200857,-0.0021975732517200857,0.9862632788891708
2023-12-16 08:00:00,42147.83,2244.91,0.49473588119164796,0.04974493873353303,0,1,-0.0020303078791674735,0.0021717084534001907,0.002271176701060855,0.002271176701060855,0.9885058026892419
2023-12-16 09:00:00,42197.03,2245.25,0.042216451702370573,0.04989795956397819,0,1,0.0011666390952641422,0.00015144226515302034,9.340787483496118e-05,9.340787483496118e-05,0.9885981412280394
2023-12-16 10:00:00,42244.01,2246.3,-0.18015776366968572,0.04830132691923905,0,1,0.0011127291858894104,0.00046754462006535737,0.0004120217041421892,0.0004120217041421892,0.9890055490435676
2023-12-16 11:00:00,42339.4,2252.8,0.24863632686114454,0.04768955281074089,0,1,0.002255526005408612,0.0028894687925986695,0.0027805238936365827,0.0027805238936365827,0.9917593293053357
2023-12-16 12:00:00,42457.25,2256.8,-0.11918430094635761,0.047976336303476974,0,1,0.0027795927286533226,0.0017739937240632071,0.0016414361898377432,0.0016414361898377432,0.9933885757462936
2023-12-16 13:00:00,42399.0,2246.88,-1.3457374650263392,0.044949157756047575,0,1,-0.001372910284146035,-0.0044052934679163795,-0.004339426262409687,-0.004339426262409687,0.9890871788191467
2023-12-16 14:00:00,42369.57,2247.27,-0.87381963624089,0.04357019951188268,0,1,-0.0006943611572647966,0.00017355896041697632,0.0002047699096145434,0.0002047699096145434,0.9892897348493366
2023-12-16 15:00:00,42590.34,2256.98,-0.6511920219605787,0.041571827360506464,0,1,0.0051970511010219315,0.004311490277650095,0.00408505372430512,0.00408505372430512,0.9933393022838813
2023-12-16 16:00:00,42572.96,2255.18,-1.0368862695529963,0.04447185925483188,0,1,-0.0004081570404453232,-0.0007978440904060794,-0.0007808762563847111,-0.0007808762563847111,0.9925639299825039
2023-12-16 17:00:00,42529.76,2250.42,-1.4327814225721247,0.04340788384323102,0,1,-0.001015243783291268,-0.0021129269224529944,-0.0020677771438131222,-0.0020677771438131222,0.9905136494664398
2023-12-16 18:00:00,42450.23,2244.4,-1.6957947940005957,0.04188840296359331,0,1,-0.001871735292478457,-0.0026786405682611273,-0.0025973925000999463,-0.0025973925000999463,0.9879442350754384
2023-12-16 19:00:00,42384.51,2235.89,-2.365712534476157,0.04135670040750716,0,1,-0.0015493655817633827,-0.0037988658029959998,-0.003733965353169173,-0.003733965353169173,0.9842621641714994
2023-12-16 20:00:00,42351.01,2237.04,-1.7019640263068603,0.040353920907859164,0,1,-0.0007906956078242055,0.0005142043471902928,0.0005469049085566102,0.0005469049085566102,0.9848006092060865
2023-12-16 21:00:00,42310.61,2233.17,-1.8248830556235989,0.04009783172135195,0,1,-0.0009543876686164944,-0.0017314627128671549,-0.0016929494283723688,-0.0016929494283723688,0.9831348020391769
2023-12-16 22:00:00,42310.58,2229.98,-2.0279467884209255,0.038822103564288224,0,1,-7.090422623638269e-07,-0.0014294839040634307,-0.001429455473006111,-0.001429455473006111,0.981730458578052
2023-12-16 23:00:00,42258.78,2229.56,-1.850477453800632,0.032007815599089495,0,1,-0.001225030116770914,-0.00018836023502054802,-0.0001408019889578955,-0.0001408019889578955,0.9815922387079083
2023-12-17 00:00:00,42150.0,2228.82,-1.3961587906691275,0.03137698388326193,0,1,-0.002577458416563638,-0.0003319591451581896,-0.0002494603314464995,-0.0002494603314464995,0.9813474009226222
2023-12-17 01:00:00,42011.17,2224.68,-0.9057585487185696,0.040163694793907856,0,1,-0.0032991491426092065,-0.001859212391400734,-0.0017556950419246075,-0.0017556950419246075,0.9796259657561988
2023-12-17 02:00:00,41898.64,2211.17,-1.2665491951975225,0.05267410037767195,0,1,-0.002682167137833346,-0.006091297844964036,-0.0059835721026538485,-0.0059835721026538485,0.9737818050714787
2023-12-17 03:00:00,41915.83,2217.11,-0.4758634864909225,0.054030582433114205,0,1,0.00041019170654023167,0.0026827587969192545,0.002661152317794866,0.002661152317794866,0.9763766378704041
2023-12-17 04:00:00,42004.2,2222.0,-0.3683842783662182,0.05491357780354961,0,1,0.00210605340973933,0.0022031452151187723,0.00208935392275531,0.00208935392275531,0.978418766851031
2023-12-17 05:00:00,41904.74,2214.43,-0.5187958416089673,0.056623373380407904,0,1,-0.0023706662622817506,-0.0034126571801327823,-0.0032824754138927235,-0.0032824754138927235,0.9752123965990691
2023-12-17 06:00:00,42017.54,2215.79,-1.061973500927925,0.05915300938372109,0,1,0.0026882031310040085,0.0006139650142527332,0.0004617498846435116,0.0004617498846435116,0.9756628047906641
2023-12-17 07:00:00,41853.29,2209.37,-0.45986815726856395,0.06047791125399543,0,1,-0.0039167422088966074,-0.0029015920347697133,-0.002669904946133236,-0.002669904946133236,0.9730613522033081
2023-12-17 08:00:00,41883.72,2213.52,0.029752434140210497,0.06158515850709423,0,1,0.0007267993289830974,0.0018766015966476554,0.0018326462913299522,0.0018326462913299522,0.9748462645385798
2023-12-17 09:00:00,42005.59,2217.86,-0.3991033548033414,0.062254764378982974,0,1,0.0029054973925681507,0.0019587583947297716,0.001779822877266513,0.001779822877266513,0.9765828631825924
2023-12-17 10:00:00,41940.62,2215.86,0.0519607904186631,0.06196010771805477,0,1,-0.0015478962772052338,-0.0009021770141794967,-0.0008058130961589799,-0.0008058130961589799,0.9757962369014003
2023-12-17 11:00:00,41950.01,2216.54,0.12871531734048466,0.06058685402806965,0,1,0.00022386290433671236,0.0003068315158084415,0.00029296094614166224,0.00029296094614166224,0.9760821489686944
2023-12-17 12:00:00,41965.44,2216.81,-0.035405884100657745,0.058529933138381146,0,1,0.0003677511155312021,0.0001218040535187646,9.952317036341588e-05,9.952317036341588e-05,0.9761792965928344
2023-12-17 13:00:00,41860.62,2209.37,-0.3940818634499221,0.05800460591280651,0,1,-0.00250089422389186,-0.0033618185465253006,-0.0032154413748147464,-0.0032154413748147464,0.9730454902786253
2023-12-17 14:00:00,41662.63,2207.07,1.890545895162632,0.05464740844184346,-1,0,-0.0047409642428276125,-0.0010415629819176026,-0.0007665652193656798,-0.0007665652193656798,0.9722998732674627
2023-12-17 15:00:00,41823.97,2223.27,2.9933740438248897,0.05020407994200454,-1,-1,0.0038650562090258673,0.007313241061703432,0.007102025756398112,0.0,0.9722998732674627
2023-12-17 16:00:00,42073.49,2233.42,2.253610650132884,0.047483070953385303,0,-1,0.0059482309881105895,0.004554957849453404,0.004256332385412792,-0.004256332385412792,0.9681702366161498
2023-12-17 17:00:00,42098.24,2227.65,0.7116313660489401,0.04508258928403053,0,-1,0.0005880834506621818,-0.0025868247831008586,-0.0026147487913151628,0.0026147487913151628,0.970705071105635
2023-12-17 18:00:00,42197.6,2233.0,0.9681447851530062,0.04387993251299982,0,-1,0.0023574127979560937,0.0023987546950940335,0.0022924764221508615,-0.0022924764221508615,0.9684823014142885
2023-12-17 19:00:00,42116.57,2234.17,1.809435710459994,0.0457161963527043,0,-1,-0.0019220974350297,0.0005238215813380966,0.0006081630870706099,-0.0006081630870706099,0.96789348529435
2023-12-17 20:00:00,42115.56,2248.07,3.275290105863502,0.049330467161025626,0,-1,-2.3981347736305597e-05,0.006202275897319268,0.006203372233321183,-0.006203372233321183,0.9619078664285817
2023-12-17 21:00:00,41941.59,2239.4,2.601054621753105,0.0492663689906121,0,-1,-0.004139332546991372,-0.00386409749271868,-0.0036599022844407574,0.0036599022844407574,0.965434805415462
2023-12-17 22:00:00,41726.91,2224.53,1.7293208300078866,0.04674746992655043,0,-1,-0.005131691643083922,-0.006662315494268788,-0.006409495680234575,0.006409495680234575,0.9716426288869022
2023-12-17 23:00:00,41368.43,2196.92,0.35316458703325443,0.04705024958255977,0,-1,-0.008628214866204544,-0.012489277901048755,-0.012085930686071042,0.012085930686071042,0.9834570848885856
2023-12-18 00:00:00,41383.8,2193.36,-0.10204783483932572,0.048392037019738154,0,-1,0.00037147035618836016,-0.001621764798723129,-0.0016392425716943138,0.0016392425716943138,0.9850705316635966
2023-12-18 01:00:00,40995.0,2171.44,-0.25823771815207053,0.05034357526371547,0,-1,-0.009439391855777385,-0.010044072708957082,-0.009587281308828488,0.009587281308828488,0.9945600968383418
2023-12-18 02:00:00,40914.54,2166.67,-0.24261943051760226,0.05154798200894739,0,-1,-0.0019646069524784583,-0.002199115247124995,-0.002100209909149277,0.002100209909149277,0.9966510767887833
2023-12-18 03:00:00,41098.3,2176.44,-0.16979279895227709,0.052032536315054334,0,-1,0.004481257020659729,0.0044990877413583485,0.004268087985079912,-0.004268087985079912,0.9924063471860338
2023-12-18 04:00:00,41181.78,2175.33,-0.7431097197234228,0.05339871361834697,1,0,0.0020291674155935254,-0.00051013726555968,-0.000615719992800875,0.000615719992800875,0.9930175797697294
2023-12-18 05:00:00,41000.0,2167.63,-0.4096767092531223,0.05436492863831513,0,0,-0.004423858827607938,-0.0035459723636706627,-0.0033097439930472304,-0.0,0.9930175797697294
2023-12-18 06:00:00,41207.62,2180.43,-0.20561903699140216,0.05542907908009981,0,0,0.00505112400607162,0.005887700250683502,0.005613096254550138,0.0,0.9930175797697294
2023-12-18 07:00:00,41134.18,2170.07,-0.9630885160637428,0.05677567039202616,0,0,-0.0017837846506428684,-0.00476267996004423,-0.004663806419581877,-0.0,0.9930175797697294
2023-12-18 08:00:00,41194.88,2171.32,-1.1493353217789388,0.0580567146158647,0,0,0.001474570728698378,0.0005758524502715858,0.0004921327086092769,0.0,0.9930175797697294
2023-12-18 09:00:00,41029.52,2160.0,-1.2145669634806904,0.060167909011033444,0,0,-0.004022169159778426,-0.005227055850802123,-0.004993541923756135,-0.0,0.9930175797697294
2023-12-18 10:00:00,40824.75,2135.8,-2.135540521190837,0.06385098810000883,1,1,-0.005003292489591664,-0.011266937940765763,-0.010965900293496426,-0.0,0.9930175797697294
2023-12-18 11:00:00,41091.62,2142.03,-2.6631811469356514,0.06703582894820453,0,1,0.006515692630093105,0.002912693774412632,0.002496660361825242,0.002496660361825242,0.995499904871654
2023-12-18 12:00:00,40949.85,2128.73,-2.40102636443566,0.0711778575000902,0,1,-0.0034560604804513267,-0.006228419764062255,-0.005996739884860071,-0.005996739884860071,0.9895480146916135
2023-12-18 13:00:00,41351.16,2156.62,-2.170847180190057,0.07269431125865831,0,1,0.009752326991863238,0.013016623514171868,0.012322473773250743,0.012322473773250743,1.001817131838886
2023-12-18 14:00:00,41629.93,2168.58,-2.3310848837365166,0.07123424345153016,0,1,0.006718905445198452,0.0055303941936990795,0.005041967989948329,0.005041967989948329,1.0068810169952307
2023-12-18 15:00:00,41255.25,2154.8,-1.3127195945799508,0.07131153142475866,0,1,-0.009041002316291957,-0.006374663649287419,-0.0057306346892428296,-0.0057306346892428296,1.001127451248691
2023-12-18 16:00:00,41487.83,2163.34,-1.651569015173983,0.07056600355547135,0,1,0.005621753808055508,0.00395541188299765,0.0035545160096522427,0.0035545160096522427,1.0046923067164015
2023-12-18 17:00:00,41398.33,2164.18,-1.1396337932555012,0.07140801579895328,0,1,-0.002159589364119884,0.00038821311538685235,0.0005406067061336942,0.0005406067061336942,1.005235596954955
2023-12-18 18:00:00,41644.56,2167.4,-1.779609227694416,0.07005465427339935,0,1,0.00593020598401979,0.0014867556841318215,0.001063291441533889,0.001063291441533889,1.0063050238173805
2023-12-18 19:00:00,41700.98,2174.0,-1.3842873105776723,0.065150683780347,0,1,0.0013538818902161672,0.003040496192259919,0.002945650464513809,0.002945650464513809,1.0092736167503025
2023-12-18 20:00:00,41926.07,2184.42,-1.0052820614946534,0.04986732454413084,0,1,0.005383199421006826,0.0047815583871946175,0.004430839263990054,0.004430839263990054,1.0137554677678091
2023-12-18 21:00:00,42599.3,2215.67,-0.09798324867835419,0.03648243299937892,0,1,0.015929992066782077,0.01420449374208346,0.013410107657703807,0.013410107657703807,1.0274415988763619
2023-12-18 22:00:00,42493.4,2211.73,0.26837044687931527,0.0331317720271741,0,1,-0.002489051462092508,-0.0017798261011374946,-0.0016890194479396985,-0.0016890194479396985,1.0257076947453412
2023-12-18 23:00:00,42628.76,2218.91,0.42483688732405,0.03460409019320676,0,1,0.003180373103657611,0.003241069590492788,0.003135698193861048,0.003135698193861048,1.028929052474463
2023-12-19 00:00:00,42712.44,2213.93,-0.09778374087348404,0.034507425486033055,0,1,0.0019610698424210125,-0.002246867513869869,-0.0023147285515721836,-0.0023147285515721836,1.0265501153781567
2023-12-19 01:00:00,43210.0,2246.37,0.773193414069438,0.03758778228176621,-1,0,0.011581737244419,0.01454636325554414,0.014146707320583537,0.014146707320583537,1.041175626910518
2023-12-19 02:00:00,43045.8,2234.76,0.1972655320108795,0.03898619292947694,0,0,-0.003807284805093193,-0.00518174031004755,-0.005038632917709031,-0.0,1.041175626910518
2023-12-19 03:00:00,43026.85,2234.47,0.17568669420014063,0.04019240058960431,0,0,-0.00044032570871661424,-0.000129776270367592,-0.0001126096473357574,-0.0,1.041175626910518
2023-12-19 04:00:00,42907.63,2237.31,0.820068413598118,0.04165814546313351,0,0,-0.0027746738326156206,0.001270187881260989,0.0013817086834469687,0.0,1.041175626910518
2023-12-19 05:00:00,42900.0,2244.58,1.4163963938997601,0.04382839966002769,0,0,-0.0001778396634450433,0.0032441699266050317,0.00325157839717394,0.0,1.041175626910518
2023-12-19 06:00:00,42911.0,2241.09,1.0229356728189896,0.0456123132169433,0,0,0.00025637738891866953,-0.0015560666318329862,-0.001567303242498308,-0.0,1.041175626910518
2023-12-19 07:00:00,43021.78,2246.86,1.0642216792385106,0.04729243525265733,0,0,0.0025782957648641793,0.00257133131124308,0.002453729277250177,0.0,1.041175626910518
2023-12-19 08:00:00,43057.43,2246.09,0.7437715995705667,0.04874158115206141,0,0,0.0008283069056573117,-0.0003427592150095537,-0.0003819318657146811,-0.0,1.041175626910518
2023-12-19 09:00:00,43040.45,2242.8,0.3305752055875502,0.050224717771006844,0,0,-0.00039443480420532596,-0.0014658414837964704,-0.0014466161077780991,-0.0,1.041175626910518
2023-12-19 10:00:00,43110.41,2243.04,-0.3483620462692274,0.050765256853259014,0,0,0.001624128079007733,0.00010700337070823286,2.5431996316101975e-05,0.0,1.041175626910518
2023-12-19 11:00:00,42990.57,2235.73,-0.5498701057351946,0.05059872078857594,0,0,-0.002783709950504293,-0.0032642919779476707,-0.0031229762273053473,-0.0,1.041175626910518
2023-12-19 12:00:00,42964.27,2233.06,-0.755529310406052,0.0495120725300648,0,0,-0.000611949270587727,-0.0011949544810615272,-0.0011639906307822862,-0.0,1.041175626910518
2023-12-19 13:00:00,42858.96,2225.68,-1.1107401715683278,0.04928862757283482,0,0,-0.0024541153450888657,-0.00331035527500901,-0.003188846938045825,-0.0,1.041175626910518
2023-12-19 14:00:00,42391.57,2191.56,-2.6690302461703856,0.04938254201518691,1,1,-0.010965202986304422,-0.015448867894256858,-0.014908408088004362,-0.0,1.041175626910518
2023-12-19 15:00:00,42504.97,2193.23,-2.6316032690053075,0.050306317218821645,0,1,0.0026714885540266883,0.0007617240874696352,0.0006297991917073214,0.0006297991917073214,1.0418315650117331
2023-12-19 16:00:00,42309.11,2177.59,-2.6412719014106685,0.05214563927755386,0,1,-0.004618580975283525,-0.0071565824043719126,-0.006924238604728485,-0.006924238604728485,1.0346425924732099
2023-12-19 17:00:00,41856.99,2143.28,-2.514878107112516,0.06030740866098777,0,1,-0.010743621216519207,-0.015881394780342298,-0.015321161783851013,-0.015321161783851013,1.0189114830843482
2023-12-19 18:00:00,42205.01,2171.04,-1.456489307256259,0.06530491977479677,0,1,0.0082801262964539,0.01286894950293672,0.012369596542611883,0.012369596542611883,1.0315932796966947
2023-12-19 19:00:00,42350.08,2176.16,-1.553442906596753,0.07376434674645793,0,1,0.0034313757419434272,0.0023555402868006025,0.002131454569255803,0.002131454569255803,1.0337944188870778
2023-12-19 20:00:00,42246.0,2172.32,-0.6945914950317567,0.08232993233322908,0,1,-0.0024606353512988924,-0.001766134832472004,-0.0015846276732022003,-0.0015846276732022003,1.0321575369092708
2023-12-19 21:00:00,42487.85,2185.27,-1.4779567840156709,0.0836288999721814,0,1,0.0057084779402290274,0.005943669837651532,0.005473691235106745,0.005473691235106745,1.037822739211668
2023-12-19 22:00:00,42327.41,2178.25,-0.44813022069302894,0.08525716306665554,0,1,-0.0037832859645337267,-0.0032175885782265794,-0.0029011965347324306,-0.0029011965347324306,1.034816174902817
2023-12-19 23:00:00,42270.46,2179.38,0.5546250688411009,0.08510664797595194,-1,0,-0.0013463697987391337,0.0005186305516204116,0.0006334182210995341,0.0006334182210995341,1.0354718539610976
2023-12-20 00:00:00,42404.29,2186.48,-0.1408625182871587,0.08518169746429052,0,0,0.0031610394229132635,0.003252512109478094,0.0029834866400741088,0.0,1.0354718539610976
2023-12-20 01:00:00,42321.11,2178.15,-0.31327394164321876,0.08711615777733653,0,0,-0.0019635204253844653,-0.003817052127638439,-0.003649796124798384,-0.0,1.0354718539610976
2023-12-20 02:00:00,42433.97,2186.11,-0.6587059972657959,0.08851137037191156,0,0,0.002663204770886949,0.0036478160451871608,0.003415807878173218,0.0,1.0354718539610976
2023-12-20 03:00:00,42417.79,2185.56,-0.5142998420521332,0.08983238925377299,0,0,-0.0003813709979876722,-0.0002516200915905781,-0.0002178644219385857,-0.0,1.0354718539610976
2023-12-20 04:00:00,42756.19,2215.61,-0.5007965665445883,0.08907713395480701,0,0,0.007946130510140563,0.013655672000391923,0.012941852111343695,0.0,1.0354718539610976
2023-12-20 05:00:00,42706.03,2208.16,-1.0514316351845585,0.08722965404751519,0,0,-0.0011738521596968631,-0.003368171059114814,-0.003263607673042357,-0.0,1.0354718539610976
2023-12-20 06:00:00,42863.21,2205.57,-3.422660478584691,0.08373472029381045,1,1,0.0036737541850604453,-0.001173610663670115,-0.0014940709702885488,-0.0,1.0354718539610976
2023-12-20 07:00:00,42936.0,2215.81,-2.141827063658469,0.0801455540762096,0,1,0.001696752626588294,0.004632046243022387,0.004489969136427228,0.004489969136427228,1.0401315437304395
2023-12-20 08:00:00,42807.43,2209.9,-1.1686420237260084,0.07767718047514488,0,1,-0.0029989492223473743,-0.0026707594998228324,-0.0024304070527513843,-0.0024304070527513843,1.0376066701688669
2023-12-20 09:00:00,42802.88,2214.94,-0.0316383597755563,0.0757749394382739,0,1,-0.00010629560865474887,0.002278049456971774,0.0022863062001489643,0.0022863062001489643,1.0399816706868454
2023-12-20 10:00:00,42871.89,2218.81,-0.1527523260625246,0.07426303359060149,0,1,0.0016109763685347284,0.0017457010353806354,0.001623629398618426,0.001623629398618426,1.0416715870290816
2023-12-20 11:00:00,42883.85,2214.64,-0.8949524173985133,0.07158251855098205,0,1,0.00027893176777535117,-0.0018811540582221033,-0.00190186837746189,-0.00190186837746189,1.039692347501138
2023-12-20 12:00:00,42964.39,2211.55,-2.0454987305203494,0.06697235383575117,0,1,0.0018763348818638004,-0.001396234911736092,-0.001530547688224962,-0.001530547688224962,1.0381022659404406
2023-12-20 13:00:00,43743.0,2245.71,-2.3367066578828144,0.055999392218655186,0,1,0.017959966940558486,0.015328102387462933,0.014125281126641456,0.014125281126641456,1.0528698045638396
2023-12-20 14:00:00,43915.52,2242.66,-2.334969336960612,0.049519540069864865,0,1,0.00393618835330457,-0.0013590682004660244,-0.0015794923559092294,-0.0015794923559092294,1.0512081174123045
2023-12-20 15:00:00,44035.52,2246.9,-1.6410147343919212,0.045957082171888486,0,1,0.0027287926206007447,0.0018888270835342453,0.001753698528016055,0.001753698528016055,1.0530532369592833
2023-12-20 16:00:00,43684.91,2223.36,-1.9543558101557261,0.04326525224260494,0,1,-0.007993847431958702,-0.010531923239554139,-0.010164549336254073,-0.010164549336254073,1.0424036412402
2023-12-20 17:00:00,43968.89,2232.21,-1.733768378262417,0.03808600614600213,0,1,0.006479604844990844,0.003972560924264105,0.0036922191862131712,0.0036922191862131712,1.0462595379916957
2023-12-20 18:00:00,44138.13,2225.71,-2.225112808304613,0.03368379303893787,0,1,0.0038416963403332233,-0.0029161602748939554,-0.0030624751453229605,-0.0030624751453229605,1.0430602954618136
2023-12-20 19:00:00,43748.51,2205.43,-2.3369811312213438,0.030582164625078956,0,1,-0.008866479648719923,-0.009153464615425388,-0.008854807949953952,-0.008854807949953952,1.0338649683748733
2023-12-20 20:00:00,43456.7,2187.0,-2.5882302817074034,0.027790023864612226,0,1,-0.006692515026891527,-0.008391759529807688,-0.008187087933499477,-0.008187087933499477,1.0254351797639567
2023-12-20 21:00:00,43440.76,2178.69,-2.55777917399239,0.025557625554348082,0,1,-0.00036686918533127705,-0.0038069629480687434,-0.003796767644653196,-0.003796767644653196,1.0215492223585616
2023-12-20 22:00:00,43628.12,2193.45,-1.6631787300417862,0.02282686764276931,0,1,0.0043037257213123774,0.006751867997298551,0.006641874986824632,0.006641874986824632,1.028356807123758
2023-12-20 23:00:00,43676.0,2201.03,-1.1344248586779702,0.020437225370924433,0,1,0.0010968555619214927,0.003449785875679634,0.003424748098944417,0.003424748098944417,1.031884707781328
2023-12-21 00:00:00,43603.53,2193.17,-1.3755578237539776,0.018390015169917992,0,1,-0.001660641771430218,-0.003577446808415957,-0.0035435078982728667,-0.0035435078982728667,1.0282346869273344
2023-12-21 01:00:00,43435.71,2192.88,-1.160907172596621,0.015689829783915782,0,1,-0.0038561965375712953,-0.00013223743478648606,-6.13219219623647e-05,-6.13219219623647e-05,1.02817163553334
2023-12-21 02:00:00,43391.32,2191.77,-1.1330297265532951,0.013726997156452876,0,1,-0.0010224927391262377,-0.0005063118030914961,-0.0004902690660593157,-0.0004902690660593157,1.0276676783332455
2023-12-21 03:00:00,43665.2,2201.31,-0.74879941847176,0.01041436071667673,0,1,0.0062920250790077445,0.004343201123765149,0.004256830513397279,0.004256830513397279,1.0320516096703933
2023-12-21 04:00:00,43613.68,2201.0,-0.6897003302047029,0.01138342785365816,0,1,-0.0011805835726569562,-0.00014083515268677952,-0.00012854012950494706,-0.00012854012950494706,1.031918958148535
2023-12-21 05:00:00,43522.79,2194.15,-0.9495256846124356,0.0120402704795321,0,1,-0.0020861536613326222,-0.0031170747511707637,-0.003093327171475339,-0.003093327171475339,1.0287318271573647
2023-12-21 06:00:00,43770.13,2212.78,-0.07345847789888164,0.012318923639157604,0,1,0.005666912320507659,0.008454915771869695,0.00838668461474699,0.00838668461474699,1.037395756584235
2023-12-21 07:00:00,43765.85,2215.28,0.06621574489982571,0.014400840014901994,0,1,-9.778836093252907e-05,0.0011291627781136494,0.0011303674254647756,0.0011303674254647756,1.0385690579606912
2023-12-21 08:00:00,43683.51,2213.16,0.018748340629382784,0.016812048671074498,0,1,-0.0018831475572409521,-0.0009574478425593813,-0.0009303289358631008,-0.0009303289358631008,1.0376032964217872
2023-12-21 09:00:00,43735.47,2220.21,0.35626886097451516,0.022721559427124838,0,1,0.0011887580047015398,0.0031804275044183808,0.003160442046985209,0.003160442046985209,1.040887768966572
2023-12-21 10:00:00,43983.81,2246.19,1.2856419380862192,0.03663424096486263,-1,0,0.005662168305176429,0.011633661568576745,0.011505008274944295,0.011505008274944295,1.0529323449785488
2023-12-21 11:00:00,43935.81,2251.82,1.4993122928573157,0.058319545721056465,0,0,-0.0010919065566716186,0.0025033305573397115,0.002543331725247933,0.0,1.0529323449785488
2023-12-21 12:00:00,44078.35,2260.81,1.0112364944721492,0.09620372990663528,0,0,0.003239027097891974,0.003984378020453054,0.0037954794315258025,0.0,1.0529323449785488
2023-12-21 13:00:00,44149.41,2252.74,-0.1242850245801666,0.09544118331983609,0,0,0.0016108312251248919,-0.003575903047185186,-0.0037308710192922754,-0.0,1.0529323449785488
2023-12-21 14:00:00,43600.0,2216.68,1.4026897708384136,0.09205915542673282,0,0,-0.01252241307227886,-0.01613667208502352,-0.014941518163385441,-0.0,1.0529323449785488
2023-12-21 15:00:00,43807.18,2230.11,0.8344805950744921,0.091410232453919,0,0,0.004740580533498391,0.006040330590576982,0.00560391675043071,0.0,1.0529323449785488
2023-12-21 16:00:00,43649.0,2231.73,2.1408156970932453,0.0901685839410114,-1,-1,-0.003617358372748058,0.000726157850208048,0.001056821419930078,0.0,1.0529323449785488
2023-12-21 17:00:00,43456.74,2230.78,2.6501466299303815,0.08209122034422395,0,-1,-0.004414412005790962,-0.00042576936045013127,-2.772808095576041e-05,2.772808095576041e-05,1.0529615411766267
2023-12-21 18:00:00,43550.42,2228.27,1.849744560943867,0.09022531857827676,0,-1,0.0021533868293161004,-0.0011258004575430726,-0.0013025746102348103,0.0013025746102348103,1.0543339958139455
2023-12-21 19:00:00,43596.22,2225.68,1.2464020028557297,0.08985335192667723,0,-1,0.001051102009594726,-0.0011630127378781043,-0.0012578487515520554,0.0012578487515520554,1.0556610229390384
2023-12-21 20:00:00,43777.8,2234.92,0.6866856718183922,0.08859352730596998,0,-1,0.004156390226940239,0.004142946337389503,0.00376948074358364,-0.00376948074358364,1.0516892195624308
2023-12-21 21:00:00,43975.97,2249.76,0.4927235670754795,0.08558953436845018,0,-1,0.004516508792042049,0.006618110618908908,0.006217977173913477,-0.006217977173913477,1.0451701287840522
2023-12-21 22:00:00,43957.43,2243.5,0.10996198145462256,0.08407057727753015,0,-1,-0.00042168277980213773,-0.0027863974264677022,-0.0027503057936932437,0.0027503057936932437,1.048048622799572
2023-12-21 23:00:00,43854.69,2240.11,0.46131507752432444,0.08391569491706263,0,-1,-0.0023399969589649556,-0.0015121746298115365,-0.0013154497346436877,0.0013154497346436877,1.049428185255927
2023-12-22 00:00:00,43855.37,2241.22,0.5048745375458786,0.08180880728877801,0,-1,1.550563299157696e-05,0.0004953886559124198,0.0004940874899448027,-0.0004940874899448027,1.0489098039913913
2023-12-22 01:00:00,44113.37,2252.57,-0.23480546146711612,0.07769965263554024,0,-1,0.005865736845776228,0.005051426139063159,0.004571557203840367,-0.004571557203840367,1.0441255967913672
2023-12-22 02:00:00,43960.12,2240.96,-0.17264405309323771,0.07383134210787157,0,-1,-0.003480051821824558,-0.005167441114049246,-0.004897042296339799,0.004897042296339799,1.049251264063034
2023-12-22 03:00:00,44010.83,2247.96,0.09575624464462702,0.07095576391035996,0,-1,0.0011528807092954967,0.0031187927938148806,0.003033674063757319,-0.003033674063757319,1.046073001061409
2023-12-22 04:00:00,44120.0,2258.78,0.4071507790646515,0.06814701414798996,0,-1,0.0024774543899892826,0.004801706239616317,0.004625916570821552,-0.004625916570821552,1.041245129905441
2023-12-22 05:00:00,44144.59,2258.1,0.302716340826701,0.06154333286570812,0,-1,0.0005571883500773863,-0.00030109279198801443,-0.0003390635143638332,0.0003390635143638332,1.0415982379981537
2023-12-22 06:00:00,43896.87,2262.17,2.310299145208986,0.060478222467558906,0,-1,-0.005627363601572469,0.0018007778738217232,0.0021471045851096677,-0.0021471045851096677,1.0393642168422863
2023-12-22 07:00:00,43601.06,2272.8,3.4805482228562608,0.046283076585267424,0,-1,-0.006761557147742677,0.004688021957560502,0.0050969489149687965,-0.0050969489149687965,1.0340801083800415
2023-12-22 08:00:00,43628.71,2289.36,3.2054626653611455,0.029991922650429825,0,-1,0.0006339579005207461,0.007259750965084032,0.007230409443022395,-0.007230409443022395,1.0266302510148748
2023-12-22 09:00:00,43759.74,2317.69,3.2927119861233676,0.02049228728297614,0,-1,0.0029987967104043237,0.012298697471888755,0.012208757792905945,-0.012208757792905945,1.0141725720681056
2023-12-22 10:00:00,43716.85,2301.53,2.1518977499691907,0.014473657697102404,0,-1,-0.000980605289640861,-0.00699688082742065,-0.006976785982114124,0.006976785982114124,1.0212729772547253
2023-12-22 11:00:00,43762.07,2314.12,2.221173753316051,0.009985442694866897,0,-1,0.0010338491610952737,0.005455366513604075,0.005440402934735945,-0.005440402934735945,1.0157319271916005
2023-12-22 12:00:00,43584.13,2296.04,1.396613287109409,-0.0013939560335056722,0,-1,-0.0040743671998829615,-0.007843585772644386,-0.00780290141245211,0.00780290141245211,1.0236885854205902
2023-12-22 13:00:00,43704.31,2306.95,1.5911761186140037,-0.005650128413961952,0,-1,0.0027536309719492407,0.004740405879779734,0.004744244320287131,-0.004744244320287131,1.0188434589830369
2023-12-22 14:00:00,43669.01,2336.22,2.135532800961778,-0.027111306707298444,0,-1,-0.0008080270251979144,0.01260793282556242,0.012603367369108099,-0.012603367369108099,1.0060831807234598
2023-12-22 15:00:00,43664.98,2322.24,1.5119254942824536,-0.034642951129039756,0,-1,-9.228938246971628e-05,-0.006002001506060172,-0.0060045035918141355,0.0060045035918141355,1.0121423838443322
2023-12-22 16:00:00,43566.99,2314.73,0.9939841033765624,-0.05066791758431061,0,-1,-0.0022466543221867836,-0.0032391870408694026,-0.0033170177767567655,0.0033170177767567655,1.0155052523881638
2023-12-22 17:00:00,43680.61,2327.37,1.3469307062738807,-0.08212911197801198,0,-1,0.002604543029946984,0.005445824621915549,0.005577791393501693,-0.005577791393501693,1.0098567436775516
2023-12-22 18:00:00,43963.99,2327.09,1.968250811012645,-0.09221556347978144,0,-1,0.006466593207195691,-0.00012031470904792764,0.0004107808485820989,-0.0004107808485820989,1.009441999057843
2023-12-22 19:00:00,43654.24,2311.69,0.379157191038591,-0.11809635719579342,0,-1,-0.007070475868043591,-0.006639701204420039,-0.007291709120661875,0.007291709120661875,1.0168294573557113
2023-12-22 20:00:00,43650.0,2315.02,0.3844746954736391,-0.12323206161724948,0,-1,-9.713159414324166e-05,0.0014394680345207835,0.0014279971470838465,-0.0014279971470838465,1.0153784640452597
2023-12-22 21:00:00,43716.94,2313.74,0.6140160085576241,-0.12151732997904735,0,-1,0.0015323877223835992,-0.0005530639016182679,-0.0003642246033919756,0.0003642246033919756,1.0157483572216277
2023-12-22 22:00:00,43800.0,2313.51,0.9249423998686753,-0.11557803059476757,0,-1,0.001898147374405714,-9.941109738565259e-05,0.0001312467034588689,-0.0001312467034588689,1.0156150523463028
2023-12-22 23:00:00,43961.99,2326.43,1.8924525741364762,-0.10034706696437612,0,-1,0.0036915795542776207,0.005569051923985192,0.00599571741865251,-0.00599571741865251,1.0095439300405493
2023-12-23 00:00:00,43826.95,2309.72,0.6405450472158999,-0.09598188570126365,0,-1,-0.0030764719680902823,-0.007208598669008022,-0.007517313607604003,0.007517313607604003,1.0171615846398319
2023-12-23 01:00:00,43632.67,2290.58,-0.8641728620607555,-0.08359677340048322,1,0,-0.0044427432810156915,-0.008321244459114297,-0.008747667336912802,0.008747667336912802,1.0260984069963417
2023-12-23 02:00:00,43522.67,2275.1,-1.6376646608555896,-0.05541512268506865,1,1,-0.0025242299188456257,-0.006781053125761602,-0.00699207060229806,-0.0,1.0260984069963417
2023-12-23 03:00:00,43559.0,2274.4,-1.4118255911236444,-0.029181003820117957,0,1,0.0008343891913824436,-0.00030772612617817384,-0.0002614883467706205,-0.0002614883467706205,1.0258301292975467
2023-12-23 04:00:00,43502.91,2283.62,-0.8238694340751543,0.0036191810828929416,0,1,-0.001288508551220641,0.004045621816205784,0.00400802184325036,0.00400802184325036,1.0299499294726617
2023-12-23 05:00:00,43600.13,2292.08,-0.32865795029223216,0.0626030340538386,0,1,0.0022322995930315033,0.0036977990864651145,0.0036897199900066653,0.0036897199900066653,1.0337571758333142
2023-12-23 06:00:00,43615.44,2294.78,-0.29264118765677527,0.09925189160781067,0,1,0.0003510841047593024,0.0011772760938182783,0.0011552971636522703,0.0011552971636522703,1.034952162716024
2023-12-23 07:00:00,43562.89,2285.13,-0.7396874156738433,0.09645039044560255,0,1,-0.0012055749717787482,-0.0042140628443133234,-0.0040944072478892495,-0.0040944072478892495,1.0307233103095181
2023-12-23 08:00:00,43608.12,2290.01,-0.7120250379323785,0.09660340284404878,0,1,0.001037730411955997,0.002133268862012269,0.002033179358601837,0.002033179358601837,1.032821087524483
2023-12-23 09:00:00,43623.09,2288.88,-0.8492879673412288,0.09728289939076168,0,1,0.0003432257823077868,-0.000493569412211321,-0.0005267261907260639,-0.0005267261907260639,1.0322772168553869
2023-12-23 10:00:00,43604.88,2287.84,-0.7638897747326417,0.10025951069953354,0,1,-0.00041752663198606123,-0.0004544739542294676,-0.000413855752897004,-0.000413855752897004,1.0318500913808704
2023-12-23 11:00:00,43555.23,2288.61,-0.293974098435096,0.10132687442117033,0,1,-0.0011392827606647939,0.0003365053730582258,0.00045072930519089185,0.00045072930519089185,1.0323152812851053
2023-12-23 12:00:00,43714.58,2293.7,-1.062520643913042,0.0993029455356576,0,1,0.0036518969640382338,0.0022215878425746113,0.001851552537500456,0.001851552537500456,1.0342284378720714
2023-12-23 13:00:00,43699.46,2295.77,-0.7474409911299933,0.09819636357728845,0,1,-0.00034593985476002206,0.0009020650054873456,0.0009364178520431933,0.0009364178520431933,1.0351973614322427
2023-12-23 14:00:00,43735.82,2290.75,-1.3582591600614167,0.09432426576373154,0,1,0.000831700935730497,-0.0021890243603346475,-0.0022706943678072102,-0.0022706943678072102,1.0328494113614168
2023-12-23 15:00:00,43774.23,2287.51,-1.7352500472628227,0.08806551884210362,0,1,0.0008778420870880125,-0.0014153851205020746,-0.001498186930823153,-0.001498186930823153,1.031303168441494
2023-12-23 16:00:00,43819.96,2290.54,-1.7203411021227766,0.08785696624710226,0,1,0.001044133273100076,0.0013237078854232318,0.0012317557469873697,0.0012317557469873697,1.0325742647254732
2023-12-23 17:00:00,43751.89,2293.51,-0.9153839703327723,0.08633307101988053,0,1,-0.0015546094711795082,0.0012957975657225318,0.0014323808375593754,0.0014323808375593754,1.0340543640955489
2023-12-23 18:00:00,43797.1,2305.63,0.04154451346678318,0.07993466785383385,0,1,0.0010327932742260977,0.005270562782001567,0.005181398566908951,0.005181398566908951,1.0394261164729155
2023-12-23 19:00:00,43700.06,2292.95,-0.4106702538357265,0.08122949566196058,0,1,-0.0022181300464429853,-0.005514759832791614,-0.0053374543442725846,-0.0053374543442725846,1.0338930065286414
2023-12-23 20:00:00,43689.59,2288.3,-0.8248727312147746,0.08350463597295188,0,1,-0.00023961647746835422,-0.002030014339698069,-0.002010550414081019,-0.002010550414081019,1.0318164007760517
2023-12-23 21:00:00,43761.54,2290.65,-1.2317231142333063,0.07912931339951296,0,1,0.0016454908297824941,0.0010264362818220127,0.0008890301690841951,0.0008890301690841951,1.0327341245669206
2023-12-23 22:00:00,43750.1,2297.74,0.06616065621376269,0.0744228540585789,0,1,-0.00026145093533090467,0.0030904110778880774,0.0031110995108884726,0.0031110995108884726,1.0359520662696455
2023-12-23 23:00:00,43700.1,2307.59,2.3282966301762213,0.05796268162057516,-1,0,-0.00114350808685124,0.004277658721482665,0.0043627618569452,0.0043627618569452,1.040481551778896
2023-12-24 00:00:00,43722.22,2301.89,1.2906285737868812,0.05233923736504409,0,0,0.0005060492668704647,-0.0024731652617472747,-0.002502497234287213,-0.0,1.040481551778896
2023-12-24 01:00:00,43758.64,2307.21,1.6034368732693032,0.05756683228767073,-1,-1,0.0008326393248564631,0.0023084777342882,0.0022648980270250675,0.0,1.040481551778896
2023-12-24 02:00:00,43863.42,2317.63,1.8486516604681207,0.06383523815606473,0,-1,0.002391636305844944,0.004506109457417791,0.004368430531306111,-0.004368430531306111,1.035946193811373
2023-12-24 03:00:00,43850.36,2315.0,1.458588931640688,0.06436369834357736,0,-1,-0.000297786735368278,-0.0011354242762953817,-0.0011164149891234305,0.0011164149891234305,1.0371033855029523
2023-12-24 04:00:00,43801.7,2307.46,0.722331771122469,0.06815966164481368,0,-1,-0.0011102991760572895,-0.003262335071474378,-0.003190872110235504,0.003190872110235504,1.0404179351108331
2023-12-24 05:00:00,43499.65,2284.31,0.33600597611422606,0.06748450138631146,0,-1,-0.006919737329333929,-0.010083343087911046,-0.009611696132872658,0.009611696132872658,1.050466329853041
2023-12-24 06:00:00,43553.79,2290.06,0.6251176540987345,0.06651080862193481,0,-1,0.0012438338331051944,0.0025140087174618775,0.002430069211427349,-0.002430069211427349,1.0479167230823505
2023-12-24 07:00:00,43670.71,2295.12,0.20469882584100685,0.06534909057907612,0,-1,0.0026808997478347217,0.0022071116309860385,0.00202880282092321,-0.00202880282092321,1.045792861854785
2023-12-24 08:00:00,43645.31,2291.73,-0.0408625174388271,0.06564685701457673,0,-1,-0.0005817947431974363,-0.0014781388609753942,-0.0014401191036037546,0.0014401191036037546,1.047300013111734
2023-12-24 09:00:00,43676.7,2294.36,0.026155413713678084,0.06483185965693483,0,-1,0.0007189482090961082,0.0011469466531667746,0.0010997499628833563,-0.0010997499628833563,1.0461488780575734
2023-12-24 10:00:00,43610.0,2288.07,-0.26056127025708414,0.06484126477660457,0,-1,-0.0015282972774214845,-0.0027452700643045367,-0.0026461877097006714,0.0026461877097006714,1.0489208503231597
2023-12-24 11:00:00,43630.15,2288.45,-0.32294212689314183,0.06825464887237698,0,-1,0.00046194327630853354,0.00016606504543744712,0.0001361120591465533,-0.0001361120591465533,1.048778089262312
2023-12-24 12:00:00,43686.09,2291.57,-0.42182811332759784,0.0687213838677847,0,-1,0.001281319664095134,0.0013624396760813248,0.0012749836523152395,-0.0012749836523152395,1.0474417664195108
2023-12-24 13:00:00,43760.29,2296.03,-0.48369975203745574,0.06790960799339207,0,-1,0.001697040353361005,0.001944372397382931,0.0018277494358204885,-0.0018277494358204885,1.0455290538340354
2023-12-24 14:00:00,43715.06,2289.07,-1.0458214902455456,0.06871808553515302,1,0,-0.0010341199899346835,-0.0030359230314539634,-0.0029656963483193684,0.0029656963483193684,1.0486343779792564
2023-12-24 15:00:00,43708.84,2293.85,-0.3830128461381491,0.07322002280734008,0,0,-0.0001422951849664879,0.0020860070580841763,0.002095785310775944,0.0,1.0486343779792564
2023-12-24 16:00:00,43694.05,2297.08,0.24580840030496287,0.08253266293724304,0,0,-0.00033843274841737007,0.0014071225363699617,0.0014319025899278324,0.0,1.0486343779792564
2023-12-24 17:00:00,43648.57,2290.84,-0.23050553038235602,0.08494201875008711,0,0,-0.0010414160717971699,-0.0027201886029838648,-0.0026342377613528013,-0.0,1.0486343779792564
2023-12-24 18:00:00,43666.34,2289.86,-0.6525283323183542,0.08511333421273942,0,0,0.0004070324357049959,-0.00042788220793845517,-0.00046245636472400255,-0.0,1.0486343779792564
2023-12-24 19:00:00,43638.53,2288.93,-0.38885391929691376,0.08594597787893565,0,0,-0.0006370778844432551,-0.0004062208630616125,-0.0003519970401634488,-0.0,1.0486343779792564
2023-12-24 20:00:00,43481.77,2278.79,0.12717141779188074,0.08477571465042344,0,0,-0.003598705908475258,-0.004439859123120227,-0.004130564824717617,-0.0,1.0486343779792564
2023-12-24 21:00:00,43507.27,2278.23,-0.32461914647821766,0.09047126997913013,0,0,0.0005862807712424514,-0.0002457746522152163,-0.0002954770235830965,-0.0,1.0486343779792564
2023-12-24 22:00:00,43000.01,2259.89,1.5825789144148914,0.06550510425762779,-1,-1,-0.011727702315677897,-0.00808268615445435,-0.007021666032017786,-0.0,1.0486343779792564
2023-12-24 23:00:00,42991.17,2263.72,1.4105781876052148,0.05694914154120201,0,-1,-0.00020560248228122436,0.0016933382476281766,0.0017068062596656353,-0.0017068062596656353,1.0468460888245175
2023-12-25 00:00:00,42890.88,2262.47,1.3616844907906567,0.05115505006849552,0,-1,-0.0023355298479169734,-0.0005523409453775902,-0.0004193345254948645,0.0004193345254948645,1.0472851595847714
2023-12-25 01:00:00,43044.54,2270.21,1.0850006143731925,0.048025201432240094,0,-1,0.0035761776404587015,0.0034152013921217865,0.0032322618458702876,-0.0032322618458702876,1.0439055245967108
2023-12-25 02:00:00,43068.59,2271.61,1.004317364575491,0.04392444390468636,0,-1,0.0005585675639775662,0.0006164929672866509,0.0005896676475131127,-0.0005896676475131127,1.0432901487332458
2023-12-25 03:00:00,43154.8,2276.16,1.2227473121163055,0.040287756488200266,0,-1,0.001999690077779674,0.0020009813680792543,0.0019131460934310631,-0.0019131460934310631,1.0412960903316113
2023-12-25 04:00:00,43129.32,2277.82,1.8591351005760206,0.03721799193750924,0,-1,-0.0005906069561967381,0.0007290326586953651,0.0007528268879268564,-0.0007528268879268564,1.0405124696388899
2023-12-25 05:00:00,43232.48,2283.59,2.0217133667401823,0.036298796530329414,0,-1,0.0023890203554064898,0.0025299208260486463,0.0024410062857225822,-0.0024410062857225822,1.0379756695921876
2023-12-25 06:00:00,43262.64,2283.91,1.6447936812598796,0.03551528475940924,0,-1,0.0006973804122666072,0.0001401204162117122,0.00011480634652260939,-0.00011480634652260939,1.0378565102380384
2023-12-25 07:00:00,43221.14,2280.87,1.1795515971433324,0.034546251663706146,0,-1,-0.0009597176068235032,-0.0013319373329833367,-0.0012978526888883812,0.0012978526888883812,1.039204369572765
2023-12-25 08:00:00,43104.28,2272.39,0.10655110764625579,0.03433574016300833,0,-1,-0.00270743128463826,-0.003724808073524928,-0.0036312764710036234,0.0036312764710036234,1.0429848678115206
2023-12-25 09:00:00,43129.95,2274.08,0.2843226951212203,0.03375855102568212,0,-1,0.0005953552494924833,0.0007434339511038796,0.0007229919879526227,-0.0007229919879526227,1.0422310706360314
2023-12-25 10:00:00,43157.0,2275.79,0.4424169789887496,0.03369464198810729,0,-1,0.0006269777964365596,0.0007516698633207203,0.000730504001387747,-0.000730504001387747,1.041469994686919
2023-12-25 11:00:00,43201.18,2278.34,0.6509167024587028,0.033710739366043546,0,-1,0.001023180522200258,0.0011198627472184786,0.0010853870458337363,-0.0010853870458337363,1.0403402098838697
2023-12-25 12:00:00,43631.1,2296.97,1.4149866763576358,0.03487456124281174,0,-1,0.009902389135949033,0.008143755488854593,0.007809938629591474,-0.007809938629591474,1.032246862103383
2023-12-25 13:00:00,43647.38,2288.83,-0.49146379422118125,0.03424541184144006,0,-1,0.00037305874687108793,-0.003550093134956758,-0.00356310339507168,0.00356310339507168,1.0359314247429445
2023-12-25 14:00:00,43697.04,2289.96,-0.6731068345047206,0.03460211925210377,1,0,0.0011371076790234707,0.0004935801916843073,0.0004546394709080845,-0.0004546394709080845,1.0354605564738635
2023-12-25 15:00:00,43633.69,2285.75,-0.9889574256520308,0.03359289860595066,0,0,-0.0014508068605816693,-0.0018401521022869383,-0.0017899511102853212,-0.0,1.0354605564738635
2023-12-25 16:00:00,43501.74,2276.11,-1.8285944812018702,0.031355500822120796,1,1,-0.0030286210984389514,-0.004226352561972809,-0.004124612400497106,-0.0,1.0354605564738635
2023-12-25 17:00:00,43556.5,2280.5,-1.1002287882381876,0.0301071615382259,0,1,0.0012580085979654763,0.0019268716691920086,0.001887426179564267,0.001887426179564267,1.037416757347702
2023-12-25 18:00:00,43443.63,2276.23,-1.1616049869122507,0.02933211950896064,0,1,-0.0025947102222713156,-0.0018741515296471245,-0.001796032169840316,-0.001796032169840316,1.0355551956906934
2023-12-25 19:00:00,43464.97,2274.48,-1.4432934251896083,0.02803235501506579,0,1,0.0004910906499216253,-0.0007691107920588089,-0.0007835155216920431,-0.0007835155216920431,1.0347441399001933
2023-12-25 20:00:00,43427.76,2268.34,-2.1018160304391613,0.027304474514358634,0,1,-0.0008564583544452473,-0.002703168401481391,-0.0026791598568339627,-0.0026791598568339627,1.0319756052679243
2023-12-25 21:00:00,43531.08,2272.42,-1.6885198880485044,0.02610842668680624,0,1,0.002376297766135423,0.0017970564830557068,0.0017321729212617348,0.0017321729212617348,1.0337647145427513
2023-12-25 22:00:00,43703.59,2283.0,-0.5594441314397506,0.022866312389783205,0,1,0.00395508402511615,0.004645024618172061,0.004541763596862157,0.004541763596862157,1.0384705077019092
2023-12-25 23:00:00,43607.38,2272.21,-1.7303333346951795,0.018979997629715695,0,1,-0.0022038476709295794,-0.0047374413826389355,-0.004687047513335964,-0.004687047513335964,1.0336145360658329
2023-12-26 00:00:00,43454.93,2266.69,-1.9432588486493494,0.015194730909665388,0,1,-0.0035020930598372232,-0.0024323085864052033,-0.002365838868430449,-0.002365838868430449,1.0311720610118928
2023-12-26 01:00:00,43478.14,2272.28,-1.0688242535925943,0.013600821090603066,0,1,0.0005339740228083087,0.0024631151235548973,0.0024550015319655736,0.0024550015319655736,1.033706699999667
2023-12-26 02:00:00,43425.7,2270.01,-1.2193618036122287,0.01262161224109315,0,1,-0.001206851305186574,-0.0009994959322174066,-0.0009830817635326033,-0.0009830817635326033,1.0326909811432017
2023-12-26 03:00:00,43459.22,2269.63,-1.229240827897725,0.01257105112010104,0,1,0.0007715953853221,-0.00016741415657962883,-0.00017715293434018123,-0.00017715293434018123,1.0325080531092228
2023-12-26 04:00:00,43443.11,2271.13,-0.9182242142880915,0.013884346414954424,0,1,-0.0003707610643936958,0.0006606823767663565,0.0006653432330601928,0.0006653432330601928,1.0331952539423004
2023-12-26 05:00:00,42782.58,2238.19,-2.0713245420221904,0.03197066105313595,0,1,-0.015321255673693426,-0.014610001474301422,-0.014397275853015777,-0.014397275853015777,1.0184266259711645
2023-12-26 06:00:00,42680.32,2230.14,-1.5352071841997073,0.04248022797654316,0,1,-0.0023930863287440008,-0.003603139745350009,-0.0035266311934628414,-0.0035266311934628414,1.014841336576361
2023-12-26 07:00:00,42803.39,2239.76,-0.7053663631440265,0.04616398052068382,0,1,0.002879380996201654,0.004304353499112739,0.004182036737962767,0.004182036737962767,1.0190943272121387
2023-12-26 08:00:00,42724.64,2237.85,-0.22145807178394433,0.048691100867822024,0,1,-0.0018415020725787274,-0.0008531337547699849,-0.0007681226889626616,-0.0007681226889626616,1.018311838299431
2023-12-26 09:00:00,42432.38,2222.01,-0.12016746557336212,0.050598868907113737,0,1,-0.00686405295747447,-0.007103391857473525,-0.006769173562559063,-0.006769173562559063,1.01144198656688
2023-12-26 10:00:00,42665.14,2240.61,1.0056968411431795,0.050200416703281736,-1,0,0.005470443332767238,0.00833595856541373,0.008059160320355247,0.008059160320355247,1.0196262947195536
2023-12-26 11:00:00,42707.28,2242.72,1.2240229594466332,0.04965058020507618,0,0,0.0009872041444385414,0.0009412647098404706,0.0008917066504184491,0.0,1.0196262947195536
2023-12-26 12:00:00,42794.08,2246.7,1.2731118898298324,0.04754070850781711,0,0,0.002030377758176894,0.001773058008683466,0.0016722485749545012,0.0,1.0196262947195536
2023-12-26 13:00:00,42754.88,2246.82,1.573544537356917,0.045942709106126856,-1,-1,-0.0009164343492549927,5.341024409777296e-05,9.697818236225562e-05,0.0,1.0196262947195536
2023-12-26 14:00:00,42596.56,2240.45,1.5211745129272758,0.04406118497855785,0,-1,-0.0037098420736394757,-0.002839144637568287,-0.002668704442349398,0.002668704442349398,1.022351010054653
2023-12-26 15:00:00,42371.6,2229.42,1.0048941693799445,0.0424857045728784,0,-1,-0.0052951723477295655,-0.004935276591082895,-0.004701965022776238,0.004701965022776238,1.0271693877894723
2023-12-26 16:00:00,42335.0,2224.0,0.03409468932877062,0.0422007966007798,0,-1,-0.0008641593990940412,-0.0024340855684045915,-0.002397371147470806,0.002397371147470806,1.02963484817429
2023-12-26 17:00:00,42046.09,2199.99,-2.1272935476379073,0.043711637187807156,1,0,-0.006847769540825745,-0.010854561488941993,-0.01056558015938059,0.01056558015938059,1.040571210467122
2023-12-26 18:00:00,42183.93,2210.91,-0.9310478500000932,0.04384706618014206,0,0,0.003272945276449246,0.0049513805843276896,0.004808314787867993,0.0,1.040571210467122
2023-12-26 19:00:00,42161.01,2210.02,-0.8049742395438311,0.04401894376077364,0,0,-0.0005434825269698434,-0.00040263022125349053,-0.00037880010692569296,-0.0,1.040571210467122
2023-12-26 20:00:00,42209.04,2219.0,0.6658948831050149,0.04377987235268077,0,0,0.0011385558071490564,0.004055078687988769,0.004004960663945373,0.0,1.040571210467122
2023-12-26 21:00:00,42353.58,2223.08,0.15463847285113827,0.04390461466800141,0,0,0.0034185350634226715,0.001836977788480024,0.001687314759770216,0.0,1.040571210467122
2023-12-26 22:00:00,42487.29,2226.74,-0.32434970067964264,0.04373981162587713,0,0,0.0031520212063682793,0.001645010730927556,0.0015066224544365877,0.0,1.040571210467122
2023-12-26 23:00:00,42526.37,2232.35,0.5310023432024955,0.04462073025065466,0,0,0.0009193817264834522,0.002516209791633769,0.0024759962081051094,0.0,1.040571210467122
2023-12-27 00:00:00,42360.0,2225.03,0.5515910143963045,0.04537630825572016,0,0,-0.0039198333731120215,-0.0032844435881239247,-0.0031095377605547796,-0.0,1.040571210467122
2023-12-27 01:00:00,42467.83,2229.7,0.4721811311672974,0.045576594391954384,0,0,0.0025423273960748973,0.0020966486008136024,0.0019812871692023457,0.0,1.040571210467122
2023-12-27 02:00:00,42232.6,2221.78,1.0362366365002886,0.04542181395320606,0,0,-0.005554413472668285,-0.0035583708595433214,-0.003305219609614312,-0.0,1.040571210467122
2023-12-27 03:00:00,42226.73,2217.0,0.06477781240051914,0.0469316162264809,0,0,-0.00013900181328563093,-0.002153745780470007,-0.002147432065967789,-0.0,1.040571210467122
2023-12-27 04:00:00,42297.0,2221.9,0.47566251085789185,0.04878123757600644,0,0,0.0016627287080071599,0.0022077550700808934,0.002129720524467949,0.0,1.040571210467122
2023-12-27 05:00:00,42431.48,2226.7,0.009542489656885022,0.05034213075522026,0,0,0.0031743780350110586,0.0021579831240192316,0.0020031330349373007,0.0,1.040571210467122
2023-12-27 06:00:00,42431.0,2225.89,-0.30426429674065536,0.0523396170420283,0,0,-1.1312419811589157e-05,-0.00036383318874423604,-0.0003632636974269231,-0.0,1.040571210467122
2023-12-27 07:00:00,42465.12,2226.38,-0.8196198192536329,0.054893366144489086,0,0,0.0008038059180347508,0.00022011243791528363,0.00017804154398922878,0.0,1.040571210467122
2023-12-27 08:00:00,42697.0,2247.34,1.348032368754612,0.058241303324627236,0,0,0.005445627070588359,0.009370346540703255,0.009071417740031106,0.0,1.040571210467122
2023-12-27 09:00:00,42709.93,2251.66,2.0550844492225235,0.060304269241073905,-1,-1,0.0003027857364450398,0.001920427351720222,0.0019027927158015558,0.0,1.040571210467122
2023-12-27 10:00:00,43155.05,2278.1,1.0964084397178333,0.06352218940061066,0,-1,0.010367998393645782,0.01167404024790275,0.011048805681281314,-0.011048805681281314,1.0291374225314762
2023-12-27 11:00:00,43007.72,2284.84,3.1342383753057463,0.07022156176433647,0,-1,-0.003419809822422296,0.0029542377949117083,0.003171471602165686,-0.003171471602165686,1.025878712605591
2023-12-27 12:00:00,42884.46,2283.57,3.01756536195862,0.0768980439582963,0,-1,-0.002870111915037707,-0.000555992142875086,-0.00035444840176270757,0.00035444840176270757,1.0262423981257445
2023-12-27 13:00:00,42885.53,2293.5,3.0027675261241296,0.0843244556132895,0,-1,2.4950451785202314e-05,0.004339027185281192,0.004337108544343034,-0.004337108544343034,1.0218011115850714
2023-12-27 14:00:00,42939.0,2326.69,3.508494630861596,0.09598081189653568,0,-1,0.0012460308706170725,0.014367621654090383,0.014262550779248245,-0.014262550779248245,1.0073310565830647
2023-12-27 15:00:00,42968.82,2345.02,3.0200979202432454,0.10824983591665888,0,-1,0.0006942325203379291,0.007847273937341052,0.00778064093639404,-0.00778064093639404,0.9995237874930295
2023-12-27 16:00:00,43065.96,2360.09,2.361943080179044,0.12012053786037435,0,-1,0.002258157486510292,0.006405823257074904,0.006161378079686189,-0.006161378079686189,0.9933842768843135
2023-12-27 17:00:00,43005.0,2345.31,1.6377479811945845,0.12972936095858778,0,-1,-0.001416505873594575,-0.006282164580448857,-0.006112013133030297,0.006112013133030297,0.9994744472724273
2023-12-27 18:00:00,43181.1,2346.75,0.5328536470873082,0.1342698453146915,0,-1,0.004086511515574062,0.0006138029118172982,8.366238435196516e-05,-8.366238435196516e-05,0.9993908323548302
2023-12-27 19:00:00,43159.99,2344.89,0.47023908282587945,0.13907519367669818,0,-1,-0.00048899082512485,-0.000792899752516027,-0.0007272430300662101,0.0007272430300662101,1.0001178967161726
2023-12-27 20:00:00,43408.7,2347.25,-0.8476534070108477,0.13679789323135438,1,0,0.005745973152372552,0.0010059376740716576,0.0002068153450443369,-0.0002068153450443369,0.9999110783756185
2023-12-27 21:00:00,43360.13,2360.17,0.02939414108010123,0.1371546378726936,0,0,-0.0011195265643870497,0.005489220184987315,0.0056423690604119996,0.0,0.9999110783756185
2023-12-27 22:00:00,43340.98,2362.0,0.20824313492784152,0.1367494384568118,0,0,-0.0004417475234493789,0.000775067433663326,0.0008356551552731848,0.0,0.9999110783756185
2023-12-27 23:00:00,43410.09,2372.18,0.21611601340493894,0.1364059638813876,0,0,0.0015932948059349749,0.004300645809998897,0.0040827636399911335,0.0,0.9999110783756185
2023-12-28 00:00:00,43500.0,2430.64,1.823915189664613,0.14497633570315138,-1,-1,0.0020690355302751292,0.024345233575912933,0.024063004790100914,0.0,0.9999110783756185
2023-12-28 01:00:00,43433.7,2413.01,1.2797011091009414,0.14880677875439635,0,-1,-0.0015253006107906904,-0.00727966630796022,-0.007058533814562007,0.007058533814562007,1.0069939524796525
2023-12-28 02:00:00,43360.0,2409.09,1.356869784029884,0.15730462230197828,0,-1,-0.0016982803524569464,-0.0016258480178780426,-0.0013731323892070435,0.0013731323892070435,1.0083776382660121
2023-12-28 03:00:00,43392.82,2413.9,1.1620363692356803,0.1670454292431561,0,-1,0.0007566325006096847,0.001994613961343142,0.0018755921716133341,-0.0018755921716133341,1.006488105611901
2023-12-28 04:00:00,43344.86,2403.08,0.9402161729249481,0.17643573518791578,0,-1,-0.0011058632162551983,-0.004492448877727551,-0.004307719482083984,0.004307719482083984,1.0108331258781473
2023-12-28 05:00:00,43233.39,2390.71,1.128803322620787,0.18129754012800192,0,-1,-0.0025750130452764043,-0.005160854962624459,-0.004706530642862643,0.004706530642862643,1.0156018562448659
2023-12-28 06:00:00,43036.95,2375.51,1.7171248634280898,0.18314693628946654,0,-1,-0.004554064340201559,-0.006378241680181071,-0.0055526010177178765,0.0055526010177178765,1.0212567733656608
2023-12-28 07:00:00,43018.58,2378.16,1.7132604413293546,0.18011235963261216,0,-1,-0.00042693363875688175,0.0011149281605620817,0.0011931197484993184,-0.0011931197484993184,1.0200390183493087
2023-12-28 08:00:00,42950.05,2377.3,1.7217211936161223,0.1595432496225515,0,-1,-0.0015943028175697091,-0.0003616895145264838,-7.453587208508153e-05,7.453587208508153e-05,1.020115050680635
2023-12-28 09:00:00,43031.52,2386.72,1.377223958253771,0.1358122763517755,0,-1,0.0018950578451067145,0.003954648501393069,0.003652304814562034,-0.003652304814562034,1.0163960751198526
2023-12-28 10:00:00,43100.06,2400.69,1.4800100852527887,0.13099031234134897,0,-1,0.001591518801054425,0.005836157610211285,0.005620009818983435,-0.005620009818983435,1.010699940356813
2023-12-28 11:00:00,43055.0,2401.24,1.535901906938795,0.11387726346626081,0,-1,-0.0010460210719734151,0.0002290745606057278,0.00036609318753915815,-0.00036609318753915815,1.0103299977148745
2023-12-28 12:00:00,42772.37,2377.17,1.2283589938720125,0.07723593207105556,0,-1,-0.00658603477210266,-0.010074566052508137,-0.009324566435567448,0.009324566435567448,1.019794946593325
2023-12-28 13:00:00,42794.42,2396.02,1.3321832437795427,0.043548709759452686,0,-1,0.0005153868805427427,0.00789832292198187,0.007858516535885958,-0.007858516535885958,1.0118122781897514
2023-12-28 14:00:00,42656.03,2370.94,0.2669394098807179,0.030438106131889908,0,-1,-0.0032390729596926252,-0.010522526478854665,-0.01038146903064332,0.01038146903064332,1.0223710891741582
2023-12-28 15:00:00,42449.96,2358.01,-0.1367988737111244,0.027783172808982126,0,-1,-0.004842676825004848,-0.005468457996628878,-0.005321056085466937,0.005321056085466937,1.027825682307866
2023-12-28 16:00:00,42469.27,2367.37,0.145307235361983,0.025764198134225258,0,-1,0.0004547851018625418,0.00396159133931126,0.0039489559662352625,-0.0039489559662352625,1.0237748474957602
2023-12-28 17:00:00,42575.79,2360.16,-0.34064233560709867,0.026089047488316308,0,-1,0.0025050262931786333,-0.0030502209779995552,-0.0031147609717484532,0.0031147609717484532,1.0269686327913885
2023-12-28 18:00:00,42536.06,2362.41,-0.2057748153951852,0.028646233298042112,0,-1,-0.000933595095999549,0.0009528710724216007,0.0009772276792159923,-0.0009772276792159923,1.025965540822184
2023-12-28 19:00:00,42621.15,2364.59,-0.26308993164572764,0.031075798448547076,0,-1,0.001998422172793183,0.000922360970828518,0.0008651137030387043,-0.0008651137030387043,1.0250783477907304
2023-12-28 20:00:00,42535.49,2352.0,-0.7479558617353823,0.040129325583613706,1,0,-0.0020118226574441325,-0.005338615356471486,-0.005276096361054532,0.005276096361054532,1.0305010527087464
2023-12-28 21:00:00,42420.33,2336.5,-1.2860081133227728,0.04903828888033995,0,0,-0.0027110578306206927,-0.006611946878036622,-0.006503153955675639,-0.0,1.0305010527087464
2023-12-28 22:00:00,42626.63,2350.69,-1.1081163509227259,0.05578370519643866,0,0,0.0048514468860999735,0.006054818921958686,0.005816912268070489,0.0,1.0305010527087464
2023-12-28 23:00:00,42601.54,2339.83,-2.0242189792738574,0.06463459502822502,1,1,-0.0005887724850783421,-0.004630624922450011,-0.004597781011714626,-0.0,1.0305010527087464
2023-12-29 00:00:00,42414.77,2339.68,-0.8608245139220934,0.06323252114455746,0,1,-0.004393752221592673,-6.410927642062935e-05,0.0002198791190763771,0.0002198791190763771,1.0307276632849771
2023-12-29 01:00:00,42307.9,2333.07,-0.7212108939193036,0.06486172621400038,0,1,-0.0025228207912304456,-0.0028291710059318307,-0.0026696466869064223,-0.0026696466869064223,1.027979654332175
2023-12-29 02:00:00,42586.6,2339.58,-1.62964543923341,0.06631910960303711,0,1,0.00656581995839153,0.0027864292048712836,0.0023605587883596727,0.0023605587883596727,1.0304091270679394
2023-12-29 03:00:00,42699.5,2350.49,-1.2146500938114575,0.06564262372331346,0,1,0.002647560761916315,0.004652390978672265,0.004476807106322036,0.004476807106322036,1.035032411024075
2023-12-29 04:00:00,42679.92,2353.42,-0.8063247844398904,0.06736824794635071,0,1,-0.00045865854659713385,0.0012457722953604885,0.001275879845752246,0.001275879845752246,1.0363538308241882
2023-12-29 05:00:00,42693.53,2355.94,-0.6782377828515394,0.07146584194529976,0,1,0.0003188344881293028,0.0010702092176105241,0.0010487298967603814,0.0010487298967603814,1.0374412561782695
2023-12-29 06:00:00,42542.81,2351.45,-0.12362458573757842,0.07578823238733695,0,1,-0.003536523437957648,-0.0019076394187120906,-0.0016548987936591613,-0.0016548987936591613,1.0357258157265998
2023-12-29 07:00:00,42294.87,2332.8,-0.021681735148486907,0.07977980099590365,0,1,-0.005845060965835336,-0.007962896321100229,-0.007519909482303348,-0.007519909482303348,1.0279664627252516
2023-12-29 08:00:00,42498.95,2345.66,-0.32520987524131467,0.08274780390917444,0,1,0.004813567640936011,0.005497549359839476,0.005113523891365279,0.005113523891365279,1.0332364564279055
2023-12-29 09:00:00,42644.18,2368.29,0.6060996364541893,0.0862404375857258,-1,0,0.00341143532889972,0.009601363547559005,0.00931907476591438,0.00931907476591438,1.0429102697005894
2023-12-29 10:00:00,42686.14,2364.85,-0.05927254606826409,0.08652998239902726,0,0,0.0009834723081323534,-0.001453580754297222,-0.0015383958365039999,-0.0,1.0429102697005894
2023-12-29 11:00:00,42850.2,2370.17,-0.6020495969481051,0.07718376269150368,0,0,0.003836035097615455,0.002247087547071963,0.0019151554975932468,0.0,1.0429102697005894
2023-12-29 12:00:00,42813.1,2365.17,-0.6005171006364318,0.07055903469754687,0,0,-0.0008661819546897853,-0.00211178156507255,-0.002044926382634111,-0.0,1.0429102697005894
2023-12-29 13:00:00,42800.51,2364.94,-0.1641489789530382,0.05685874012338654,0,0,-0.000294112118172582,-9.724932408819162e-05,-7.64970569370834e-05,-0.0,1.0429102697005894
2023-12-29 14:00:00,42998.56,2382.94,0.5452560777930984,0.058961995522642474,0,0,0.004616608356113302,0.0075823678097887036,0.007319873275017002,0.0,1.0429102697005894
2023-12-29 15:00:00,42278.1,2324.53,-0.9446575756619526,0.06611130386737163,0,0,-0.016897405273652674,-0.024817151386491907,-0.023820846652402524,-0.0,1.0429102697005894
2023-12-29 16:00:00,42048.99,2300.0,-1.3163419216161454,0.07752616412331725,0,0,-0.005433854381543281,-0.010608745131407322,-0.010249505933218066,-0.0,1.0429102697005894
2023-12-29 17:00:00,41851.68,2297.19,0.28122862597967424,0.07605219126371998,0,0,-0.004703427606588857,-0.0012224860621186148,-0.0008578473615480658,-0.0,1.0429102697005894
2023-12-29 18:00:00,42051.14,2316.27,0.8462845412164636,0.07432318206641242,0,0,0.0047545571351749714,0.008271496353687803,0.007909901865069192,0.0,1.0429102697005894
2023-12-29 19:00:00,42095.06,2315.72,0.27252967067502715,0.07323695572252487,0,0,0.0010438975019284255,-0.00023747892486170985,-0.0003150647089562093,-0.0,1.0429102697005894
2023-12-29 20:00:00,42005.83,2307.09,-0.03794680213461947,0.07318709186065003,0,0,-0.002121975962012481,-0.0037336641676205943,-0.0035782571080464243,-0.0,1.0429102697005894
2023-12-29 21:00:00,41887.01,2287.56,-1.4698060503907595,0.0757306706330193,0,0,-0.0028326631796175257,-0.008501242802442579,-0.008293928422105629,-0.0,1.0429102697005894
2023-12-29 22:00:00,41728.32,2280.49,-0.534746860379864,0.07688049982964157,0,0,-0.0037957200079700433,-0.0030954151750333756,-0.002807962753294635,-0.0,1.0429102697005894
2023-12-29 23:00:00,42085.42,2298.84,-1.852758835393263,0.07894020476817723,1,1,0.008521327430081788,0.008014315726157906,0.007359191814121183,0.0,1.0429102697005894
2023-12-30 00:00:00,42081.9,2301.3,-1.2593613772493206,0.07979195048124943,0,1,-8.364291513736904e-05,0.0010695327683503029,0.001076135557198654,0.001076135557198654,1.0440331866218275
2023-12-30 01:00:00,42168.99,2305.97,-1.4298526791872914,0.08061903542955906,0,1,0.0020673972944264024,0.002027231570689464,0.0018622699081475235,0.0018622699081475235,1.0459792697119434
2023-12-30 02:00:00,41893.87,2293.72,0.017081547333341343,0.08129163501900605,0,1,-0.006545601286702497,-0.0053264585057742385,-0.0047987584437338025,-0.0047987584437338025,1.0409718920665096
2023-12-30 03:00:00,42015.24,2298.01,-0.8177094118842657,0.08280036587321972,0,1,0.002892894100385247,0.0018685773110529702,0.0016334092196958168,0.0016334092196958168,1.0426736145787225
2023-12-30 04:00:00,41978.32,2303.23,0.464948469014737,0.08306832410063031,0,1,-0.0008791150744838351,0.0022689545598347273,0.002341745609646652,0.002341745609646652,1.0451181520633106
2023-12-30 05:00:00,42106.67,2308.46,-0.40109403363862317,0.08372443007778033,0,1,0.003052865908292144,0.002268149958972229,0.002014553504266452,0.002014553504266452,1.0472257206910203
2023-12-30 06:00:00,42070.04,2304.86,-0.4483781717416174,0.08351284380454246,0,1,-0.0008703120450321973,-0.0015606984690997821,-0.001487832089139634,-0.001487832089139634,1.0456687831772093
2023-12-30 07:00:00,41938.1,2295.99,-0.05701144762380249,0.0834428635401196,0,1,-0.0031411267642421576,-0.0038558140297604445,-0.0035934896009280214,-0.0035934896009280214,1.0419179266471006
2023-12-30 08:00:00,41599.29,2274.74,0.9283098202701947,0.082059688694229,-1,0,-0.00811162182015007,-0.009298362889620177,-0.008621505936992338,-0.008621505936992338,1.0329736370820708
2023-12-30 09:00:00,41687.15,2278.47,0.30517708397104376,0.07984799058247666,0,0,0.0021098280246215463,0.0016384049206568177,0.0014652730897580135,0.0,1.0329736370820708
2023-12-30 10:00:00,41785.14,2286.43,0.29818358080099067,0.07823298392883302,0,0,0.0023478460939116578,0.003487484092891536,0.0033000133000957734,0.0,1.0329736370820708
2023-12-30 11:00:00,41899.99,2285.9,-1.4365446362814482,0.07821057384653585,0,0,0.002744814332168686,-0.00023182928720087283,-0.0004465643027370562,-0.0,1.0329736370820708
2023-12-30 12:00:00,41968.01,2292.95,-1.0336551323375127,0.07832056044814217,0,0,0.0016220731366926948,0.00307937825917378,0.0029525149883319938,0.0,1.0329736370820708
2023-12-30 13:00:00,42007.75,2292.95,-1.4581794669382955,0.07774050674198305,0,0,0.0009464636691962412,0.0,-7.412756501525465e-05,-0.0,1.0329736370820708
2023-12-30 14:00:00,42220.63,2301.61,-1.9674889054223372,0.06385459642030678,1,1,0.005054839076368567,0.0037696799063381527,0.0033767141550420827,0.0,1.0329736370820708
2023-12-30 15:00:00,42394.18,2313.94,-1.0175031360836948,0.05458950053850642,0,1,0.004102124518546535,0.0053428212588891065,0.005080881753291472,0.005080881753291472,1.0382354098895343
2023-12-30 16:00:00,42369.07,2311.26,-0.968901438249758,0.051397698852232,0,1,-0.0005924737603741859,-0.0011588689353677752,-0.0011265260887067777,-0.0011265260887067777,1.0370664691588107
2023-12-30 17:00:00,42468.1,2307.93,-1.7062502696575301,0.046256044694964915,0,1,0.0023345909576832024,-0.0014418114764159719,-0.001561804079402117,-0.001561804079402117,1.0354480386813056
2023-12-30 18:00:00,42424.13,2303.63,-1.7251578080761616,0.041670619161772726,0,1,-0.001035901729333587,-0.0018648792366150401,-0.0018169625199233944,-0.0018169625199233944,1.0335683765586259
2023-12-30 19:00:00,42360.0,2299.0,-1.8167951772019724,0.03809945331292752,0,1,-0.001512783400152717,-0.0020118938788232653,-0.0019488552578812498,-0.0019488552578812498,1.0315560628845355
2023-12-30 20:00:00,42261.53,2301.15,-0.7002494724079203,0.03789873575509406,0,1,-0.0023273047520091525,0.0009347521957105772,0.0010234212344547042,0.0010234212344547042,1.0326123196694406
2023-12-30 21:00:00,42262.39,2301.94,-0.5237359969569657,0.03708915909026578,0,1,2.0349269178084673e-05,0.0003432476913361989,0.00034247647976080935,0.00034247647976080935,1.0329660256661737
2023-12-30 22:00:00,42136.01,2285.75,-2.363796935203465,0.035280262321489175,0,1,-0.002994845742563065,-0.007058047605692445,-0.006946971295495718,-0.006946971295495718,1.025814908399471
2023-12-30 23:00:00,42138.01,2293.4,-0.978450970453693,0.03506319190712359,0,1,4.74642125858799e-05,0.003341234559668107,0.0033395600097971944,0.0033395600097971944,1.0292464055010697
2023-12-31 00:00:00,42356.26,2300.08,-0.9996584527894933,0.03381154988937474,0,1,0.005166042274527055,0.0029084723168316517,0.002727334385159596,0.002727334385159596,1.0320573360449672
2023-12-31 01:00:00,42184.4,2293.75,-0.99067232186143,0.03310183577964787,0,1,-0.004065741543553765,-0.0027558721181553513,-0.00261840309511818,-0.00261840309511818,1.0293585287465454
2023-12-31 02:00:00,42108.43,2285.75,-1.6961215653565054,0.033805275455614875,0,1,-0.0018025262782022681,-0.00349383475834451,-0.0034341678294949585,-0.0034341678294949585,1.025829601734119
2023-12-31 03:00:00,42153.38,2285.17,-1.7894930193221255,0.033849003912744924,0,1,0.0010669128580050604,-0.0002537782341904337,-0.0002898455172424321,-0.0002898455172424321,1.0255323127086287
2023-12-31 04:00:00,42217.54,2283.98,-2.0557039744071615,0.034205374342545086,0,1,0.00152090346692037,-0.0005208846402092095,-0.0005723657076119044,-0.0005723657076119044,1.0249455011322182
2023-12-31 05:00:00,42207.1,2282.12,-2.065592007057082,0.0335658153478928,0,1,-0.0002473211624762332,-0.0008146996793233685,-0.0008062399663780356,-0.0008062399663780356,1.0241194821353543
2023-12-31 06:00:00,42266.32,2286.81,-1.5618518735458542,0.03311242103857909,0,1,0.0014020980730179038,0.0020529978123035534,0.002005935247284998,0.002005935247284998,1.0261758612941851
2023-12-31 07:00:00,42556.74,2297.1,-1.272286136076547,0.0317572756698411,0,1,0.006847692946635219,0.004489624484070839,0.004262880792078946,0.004262880792078946,1.0305596638378287
2023-12-31 08:00:00,42568.9,2297.01,-1.08269628781265,0.02842493769751303,0,1,0.00028569535765517065,-3.918060299434829e-05,-4.825350922499739e-05,-4.825350922499739e-05,1.0305099369173418
